DATE,TIME,DAY OF THE WEEK,OCCUPIED,CAPACITY,PARKING TYPE,PARKING ID,HOLIDAY,EVENT
15-09-2026,09:00,TUESDAY,0,25,CAR,P1,,
15-09-2026,09:00,TUESDAY,3,30,CAR,P2,,
15-09-2026,09:00,TUESDAY,5,35,BIKE,P3,,
15-09-2026,10:00,TUESDAY,5,25,CAR,P1,,
15-09-2026,10:00,TUESDAY,8,30,CAR,P2,,
15-09-2026,10:00,TUESDAY,10,35,BIKE,P3,,
15-09-2026,11:00,TUESDAY,15,25,CAR,P1,,
15-09-2026,11:00,TUESDAY,20,30,CAR,P2,,
15-09-2026,11:00,TUESDAY,20,35,BIKE,P3,,
15-09-2026,12:00,TUESDAY,20,25,CAR,P1,,
15-09-2026,12:00,TUESDAY,25,30,CAR,P2,,
15-09-2026,12:00,TUESDAY,30,35,BIKE,P3,,
15-09-2026,13:00,TUESDAY,20,25,CAR,P1,,
15-09-2026,13:00,TUESDAY,25,30,CAR,P2,,
15-09-2026,13:00,TUESDAY,30,35,BIKE,P3,,
15-09-2026,14:00,TUESDAY,20,25,CAR,P1,,
15-09-2026,14:00,TUESDAY,25,30,CAR,P2,,
15-09-2026,14:00,TUESDAY,30,35,BIKE,P3,,
15-09-2026,15:00,TUESDAY,20,25,CAR,P1,,
15-09-2026,15:00,TUESDAY,25,30,CAR,P2,,
15-09-2026,15:00,TUESDAY,30,35,BIKE,P3,,
15-09-2026,16:00,TUESDAY,20,25,CAR,P1,,
15-09-2026,16:00,TUESDAY,25,30,CAR,P2,,
15-09-2026,16:00,TUESDAY,30,35,BIKE,P3,,
15-09-2026,17:00,TUESDAY,17,25,CAR,P1,,
15-09-2026,17:00,TUESDAY,22,30,CAR,P2,,
15-09-2026,17:00,TUESDAY,32,35,BIKE,P3,,
15-09-2026,18:00,TUESDAY,18,25,CAR,P1,,
15-09-2026,18:00,TUESDAY,15,30,CAR,P2,,
15-09-2026,18:00,TUESDAY,18,35,BIKE,P3,,
15-09-2026,19:00,TUESDAY,11,25,CAR,P1,,
15-09-2026,19:00,TUESDAY,9,30,CAR,P2,,
15-09-2026,19:00,TUESDAY,6,35,BIKE,P3,,
16-09-2026,09:00,WEDNESDAY,0,25,CAR,P1,,
16-09-2026,09:00,WEDNESDAY,3,30,CAR,P2,,
16-09-2026,09:00,WEDNESDAY,5,35,BIKE,P3,,
16-09-2026,10:00,WEDNESDAY,5,25,CAR,P1,,
16-09-2026,10:00,WEDNESDAY,8,30,CAR,P2,,
16-09-2026,10:00,WEDNESDAY,10,35,BIKE,P3,,
16-09-2026,11:00,WEDNESDAY,15,25,CAR,P1,,
16-09-2026,11:00,WEDNESDAY,20,30,CAR,P2,,
16-09-2026,11:00,WEDNESDAY,20,35,BIKE,P3,,
16-09-2026,12:00,WEDNESDAY,20,25,CAR,P1,,
16-09-2026,12:00,WEDNESDAY,25,30,CAR,P2,,
16-09-2026,12:00,WEDNESDAY,30,35,BIKE,P3,,
16-09-2026,13:00,WEDNESDAY,20,25,CAR,P1,,
16-09-2026,13:00,WEDNESDAY,25,30,CAR,P2,,
16-09-2026,13:00,WEDNESDAY,30,35,BIKE,P3,,
16-09-2026,14:00,WEDNESDAY,20,25,CAR,P1,,
16-09-2026,14:00,WEDNESDAY,25,30,CAR,P2,,
16-09-2026,14:00,WEDNESDAY,30,35,BIKE,P3,,
16-09-2026,15:00,WEDNESDAY,20,25,CAR,P1,,
16-09-2026,15:00,WEDNESDAY,25,30,CAR,P2,,
16-09-2026,15:00,WEDNESDAY,30,35,BIKE,P3,,
16-09-2026,16:00,WEDNESDAY,20,25,CAR,P1,,
16-09-2026,16:00,WEDNESDAY,25,30,CAR,P2,,
16-09-2026,16:00,WEDNESDAY,30,35,BIKE,P3,,
16-09-2026,17:00,WEDNESDAY,17,25,CAR,P1,,
16-09-2026,17:00,WEDNESDAY,22,30,CAR,P2,,
16-09-2026,17:00,WEDNESDAY,32,35,BIKE,P3,,
16-09-2026,18:00,WEDNESDAY,18,25,CAR,P1,,
16-09-2026,18:00,WEDNESDAY,15,30,CAR,P2,,
16-09-2026,18:00,WEDNESDAY,18,35,BIKE,P3,,
16-09-2026,19:00,WEDNESDAY,11,25,CAR,P1,,
16-09-2026,19:00,WEDNESDAY,9,30,CAR,P2,,
16-09-2026,19:00,WEDNESDAY,6,35,BIKE,P3,,
17-09-2026,09:00,THURSDAY,0,25,CAR,P1,,
17-09-2026,09:00,THURSDAY,3,30,CAR,P2,,
17-09-2026,09:00,THURSDAY,5,35,BIKE,P3,,
17-09-2026,10:00,THURSDAY,5,25,CAR,P1,,
17-09-2026,10:00,THURSDAY,8,30,CAR,P2,,
17-09-2026,10:00,THURSDAY,10,35,BIKE,P3,,
17-09-2026,11:00,THURSDAY,15,25,CAR,P1,,
17-09-2026,11:00,THURSDAY,20,30,CAR,P2,,
17-09-2026,11:00,THURSDAY,20,35,BIKE,P3,,
17-09-2026,12:00,THURSDAY,20,25,CAR,P1,,
17-09-2026,12:00,THURSDAY,25,30,CAR,P2,,
17-09-2026,12:00,THURSDAY,30,35,BIKE,P3,,
17-09-2026,13:00,THURSDAY,20,25,CAR,P1,,
17-09-2026,13:00,THURSDAY,25,30,CAR,P2,,
17-09-2026,13:00,THURSDAY,30,35,BIKE,P3,,
17-09-2026,14:00,THURSDAY,20,25,CAR,P1,,
17-09-2026,14:00,THURSDAY,25,30,CAR,P2,,
17-09-2026,14:00,THURSDAY,30,35,BIKE,P3,,
17-09-2026,15:00,THURSDAY,20,25,CAR,P1,,
17-09-2026,15:00,THURSDAY,25,30,CAR,P2,,
17-09-2026,15:00,THURSDAY,30,35,BIKE,P3,,
17-09-2026,16:00,THURSDAY,20,25,CAR,P1,,
17-09-2026,16:00,THURSDAY,25,30,CAR,P2,,
17-09-2026,16:00,THURSDAY,30,35,BIKE,P3,,
17-09-2026,17:00,THURSDAY,17,25,CAR,P1,,
17-09-2026,17:00,THURSDAY,22,30,CAR,P2,,
17-09-2026,17:00,THURSDAY,32,35,BIKE,P3,,
17-09-2026,18:00,THURSDAY,18,25,CAR,P1,,
17-09-2026,18:00,THURSDAY,15,30,CAR,P2,,
17-09-2026,18:00,THURSDAY,18,35,BIKE,P3,,
17-09-2026,19:00,THURSDAY,11,25,CAR,P1,,
17-09-2026,19:00,THURSDAY,9,30,CAR,P2,,
17-09-2026,19:00,THURSDAY,6,35,BIKE,P3,,
18-09-2026,09:00,FRIDAY,0,25,CAR,P1,,
18-09-2026,09:00,FRIDAY,3,30,CAR,P2,,
18-09-2026,09:00,FRIDAY,5,35,BIKE,P3,,
18-09-2026,10:00,FRIDAY,5,25,CAR,P1,,
18-09-2026,10:00,FRIDAY,8,30,CAR,P2,,
18-09-2026,10:00,FRIDAY,10,35,BIKE,P3,,
18-09-2026,11:00,FRIDAY,15,25,CAR,P1,,
18-09-2026,11:00,FRIDAY,20,30,CAR,P2,,
18-09-2026,11:00,FRIDAY,20,35,BIKE,P3,,
18-09-2026,12:00,FRIDAY,20,25,CAR,P1,,
18-09-2026,12:00,FRIDAY,25,30,CAR,P2,,
18-09-2026,12:00,FRIDAY,30,35,BIKE,P3,,
18-09-2026,13:00,FRIDAY,20,25,CAR,P1,,
18-09-2026,13:00,FRIDAY,25,30,CAR,P2,,
18-09-2026,13:00,FRIDAY,30,35,BIKE,P3,,
18-09-2026,14:00,FRIDAY,20,25,CAR,P1,,
18-09-2026,14:00,FRIDAY,25,30,CAR,P2,,
18-09-2026,14:00,FRIDAY,30,35,BIKE,P3,,
18-09-2026,15:00,FRIDAY,20,25,CAR,P1,,
18-09-2026,15:00,FRIDAY,25,30,CAR,P2,,
18-09-2026,15:00,FRIDAY,30,35,BIKE,P3,,
18-09-2026,16:00,FRIDAY,20,25,CAR,P1,,
18-09-2026,16:00,FRIDAY,25,30,CAR,P2,,
18-09-2026,16:00,FRIDAY,30,35,BIKE,P3,,
18-09-2026,17:00,FRIDAY,17,25,CAR,P1,,
18-09-2026,17:00,FRIDAY,22,30,CAR,P2,,
18-09-2026,17:00,FRIDAY,32,35,BIKE,P3,,
18-09-2026,18:00,FRIDAY,18,25,CAR,P1,,
18-09-2026,18:00,FRIDAY,15,30,CAR,P2,,
18-09-2026,18:00,FRIDAY,18,35,BIKE,P3,,
18-09-2026,19:00,FRIDAY,11,25,CAR,P1,,
18-09-2026,19:00,FRIDAY,9,30,CAR,P2,,
18-09-2026,19:00,FRIDAY,6,35,BIKE,P3,,
19-09-2026,09:00,SATURDAY,0,25,CAR,P1,,
19-09-2026,09:00,SATURDAY,3,30,CAR,P2,,
19-09-2026,09:00,SATURDAY,5,35,BIKE,P3,,
19-09-2026,10:00,SATURDAY,5,25,CAR,P1,,
19-09-2026,10:00,SATURDAY,8,30,CAR,P2,,
19-09-2026,10:00,SATURDAY,10,35,BIKE,P3,,
19-09-2026,11:00,SATURDAY,15,25,CAR,P1,,
19-09-2026,11:00,SATURDAY,20,30,CAR,P2,,
19-09-2026,11:00,SATURDAY,20,35,BIKE,P3,,
19-09-2026,12:00,SATURDAY,20,25,CAR,P1,,
19-09-2026,12:00,SATURDAY,25,30,CAR,P2,,
19-09-2026,12:00,SATURDAY,30,35,BIKE,P3,,
19-09-2026,13:00,SATURDAY,20,25,CAR,P1,,
19-09-2026,13:00,SATURDAY,25,30,CAR,P2,,
19-09-2026,13:00,SATURDAY,30,35,BIKE,P3,,
19-09-2026,14:00,SATURDAY,20,25,CAR,P1,,
19-09-2026,14:00,SATURDAY,25,30,CAR,P2,,
19-09-2026,14:00,SATURDAY,30,35,BIKE,P3,,
19-09-2026,15:00,SATURDAY,20,25,CAR,P1,,
19-09-2026,15:00,SATURDAY,25,30,CAR,P2,,
19-09-2026,15:00,SATURDAY,30,35,BIKE,P3,,
19-09-2026,16:00,SATURDAY,20,25,CAR,P1,,
19-09-2026,16:00,SATURDAY,25,30,CAR,P2,,
19-09-2026,16:00,SATURDAY,30,35,BIKE,P3,,
19-09-2026,17:00,SATURDAY,17,25,CAR,P1,,
19-09-2026,17:00,SATURDAY,22,30,CAR,P2,,
19-09-2026,17:00,SATURDAY,32,35,BIKE,P3,,
19-09-2026,18:00,SATURDAY,18,25,CAR,P1,,
19-09-2026,18:00,SATURDAY,15,30,CAR,P2,,
19-09-2026,18:00,SATURDAY,18,35,BIKE,P3,,
19-09-2026,19:00,SATURDAY,11,25,CAR,P1,,
19-09-2026,19:00,SATURDAY,9,30,CAR,P2,,
19-09-2026,19:00,SATURDAY,6,35,BIKE,P3,,
20-09-2026,09:00,SUNDAY,0,25,CAR,P1,,
20-09-2026,09:00,SUNDAY,3,30,CAR,P2,,
20-09-2026,09:00,SUNDAY,5,35,BIKE,P3,,
20-09-2026,10:00,SUNDAY,5,25,CAR,P1,,
20-09-2026,10:00,SUNDAY,8,30,CAR,P2,,
20-09-2026,10:00,SUNDAY,10,35,BIKE,P3,,
20-09-2026,11:00,SUNDAY,15,25,CAR,P1,,
20-09-2026,11:00,SUNDAY,20,30,CAR,P2,,
20-09-2026,11:00,SUNDAY,20,35,BIKE,P3,,
20-09-2026,12:00,SUNDAY,20,25,CAR,P1,,
20-09-2026,12:00,SUNDAY,25,30,CAR,P2,,
20-09-2026,12:00,SUNDAY,30,35,BIKE,P3,,
20-09-2026,13:00,SUNDAY,20,25,CAR,P1,,
20-09-2026,13:00,SUNDAY,25,30,CAR,P2,,
20-09-2026,13:00,SUNDAY,30,35,BIKE,P3,,
20-09-2026,14:00,SUNDAY,20,25,CAR,P1,,
20-09-2026,14:00,SUNDAY,25,30,CAR,P2,,
20-09-2026,14:00,SUNDAY,30,35,BIKE,P3,,
20-09-2026,15:00,SUNDAY,20,25,CAR,P1,,
20-09-2026,15:00,SUNDAY,25,30,CAR,P2,,
20-09-2026,15:00,SUNDAY,30,35,BIKE,P3,,
20-09-2026,16:00,SUNDAY,20,25,CAR,P1,,
20-09-2026,16:00,SUNDAY,25,30,CAR,P2,,
20-09-2026,16:00,SUNDAY,30,35,BIKE,P3,,
20-09-2026,17:00,SUNDAY,17,25,CAR,P1,,
20-09-2026,17:00,SUNDAY,22,30,CAR,P2,,
20-09-2026,17:00,SUNDAY,32,35,BIKE,P3,,
20-09-2026,18:00,SUNDAY,18,25,CAR,P1,,
20-09-2026,18:00,SUNDAY,15,30,CAR,P2,,
20-09-2026,18:00,SUNDAY,18,35,BIKE,P3,,
20-09-2026,19:00,SUNDAY,11,25,CAR,P1,,
20-09-2026,19:00,SUNDAY,9,30,CAR,P2,,
20-09-2026,19:00,SUNDAY,6,35,BIKE,P3,,
21-09-2026,09:00,MONDAY,0,25,CAR,P1,,
21-09-2026,09:00,MONDAY,3,30,CAR,P2,,
21-09-2026,09:00,MONDAY,5,35,BIKE,P3,,
21-09-2026,10:00,MONDAY,5,25,CAR,P1,,
21-09-2026,10:00,MONDAY,8,30,CAR,P2,,
21-09-2026,10:00,MONDAY,10,35,BIKE,P3,,
21-09-2026,11:00,MONDAY,15,25,CAR,P1,,
21-09-2026,11:00,MONDAY,20,30,CAR,P2,,
21-09-2026,11:00,MONDAY,20,35,BIKE,P3,,
21-09-2026,12:00,MONDAY,20,25,CAR,P1,,
21-09-2026,12:00,MONDAY,25,30,CAR,P2,,
21-09-2026,12:00,MONDAY,30,35,BIKE,P3,,
21-09-2026,13:00,MONDAY,20,25,CAR,P1,,
21-09-2026,13:00,MONDAY,25,30,CAR,P2,,
21-09-2026,13:00,MONDAY,30,35,BIKE,P3,,
21-09-2026,14:00,MONDAY,20,25,CAR,P1,,
21-09-2026,14:00,MONDAY,25,30,CAR,P2,,
21-09-2026,14:00,MONDAY,30,35,BIKE,P3,,
21-09-2026,15:00,MONDAY,20,25,CAR,P1,,
21-09-2026,15:00,MONDAY,25,30,CAR,P2,,
21-09-2026,15:00,MONDAY,30,35,BIKE,P3,,
21-09-2026,16:00,MONDAY,20,25,CAR,P1,,
21-09-2026,16:00,MONDAY,25,30,CAR,P2,,
21-09-2026,16:00,MONDAY,30,35,BIKE,P3,,
21-09-2026,17:00,MONDAY,17,25,CAR,P1,,
21-09-2026,17:00,MONDAY,22,30,CAR,P2,,
21-09-2026,17:00,MONDAY,32,35,BIKE,P3,,
21-09-2026,18:00,MONDAY,18,25,CAR,P1,,
21-09-2026,18:00,MONDAY,15,30,CAR,P2,,
21-09-2026,18:00,MONDAY,18,35,BIKE,P3,,
21-09-2026,19:00,MONDAY,11,25,CAR,P1,,
21-09-2026,19:00,MONDAY,9,30,CAR,P2,,
21-09-2026,19:00,MONDAY,6,35,BIKE,P3,,
22-09-2026,09:00,TUESDAY,0,25,CAR,P1,,
22-09-2026,09:00,TUESDAY,3,30,CAR,P2,,
22-09-2026,09:00,TUESDAY,5,35,BIKE,P3,,
22-09-2026,10:00,TUESDAY,5,25,CAR,P1,,
22-09-2026,10:00,TUESDAY,8,30,CAR,P2,,
22-09-2026,10:00,TUESDAY,10,35,BIKE,P3,,
22-09-2026,11:00,TUESDAY,15,25,CAR,P1,,
22-09-2026,11:00,TUESDAY,20,30,CAR,P2,,
22-09-2026,11:00,TUESDAY,20,35,BIKE,P3,,
22-09-2026,12:00,TUESDAY,20,25,CAR,P1,,
22-09-2026,12:00,TUESDAY,25,30,CAR,P2,,
22-09-2026,12:00,TUESDAY,30,35,BIKE,P3,,
22-09-2026,13:00,TUESDAY,20,25,CAR,P1,,
22-09-2026,13:00,TUESDAY,25,30,CAR,P2,,
22-09-2026,13:00,TUESDAY,30,35,BIKE,P3,,
22-09-2026,14:00,TUESDAY,20,25,CAR,P1,,
22-09-2026,14:00,TUESDAY,25,30,CAR,P2,,
22-09-2026,14:00,TUESDAY,30,35,BIKE,P3,,
22-09-2026,15:00,TUESDAY,20,25,CAR,P1,,
22-09-2026,15:00,TUESDAY,25,30,CAR,P2,,
22-09-2026,15:00,TUESDAY,30,35,BIKE,P3,,
22-09-2026,16:00,TUESDAY,20,25,CAR,P1,,
22-09-2026,16:00,TUESDAY,25,30,CAR,P2,,
22-09-2026,16:00,TUESDAY,30,35,BIKE,P3,,
22-09-2026,17:00,TUESDAY,17,25,CAR,P1,,
22-09-2026,17:00,TUESDAY,22,30,CAR,P2,,
22-09-2026,17:00,TUESDAY,32,35,BIKE,P3,,
22-09-2026,18:00,TUESDAY,18,25,CAR,P1,,
22-09-2026,18:00,TUESDAY,15,30,CAR,P2,,
22-09-2026,18:00,TUESDAY,18,35,BIKE,P3,,
22-09-2026,19:00,TUESDAY,11,25,CAR,P1,,
22-09-2026,19:00,TUESDAY,9,30,CAR,P2,,
22-09-2026,19:00,TUESDAY,6,35,BIKE,P3,,
23-09-2026,09:00,WEDNESDAY,0,25,CAR,P1,,
23-09-2026,09:00,WEDNESDAY,3,30,CAR,P2,,
23-09-2026,09:00,WEDNESDAY,5,35,BIKE,P3,,
23-09-2026,10:00,WEDNESDAY,5,25,CAR,P1,,
23-09-2026,10:00,WEDNESDAY,8,30,CAR,P2,,
23-09-2026,10:00,WEDNESDAY,10,35,BIKE,P3,,
23-09-2026,11:00,WEDNESDAY,15,25,CAR,P1,,
23-09-2026,11:00,WEDNESDAY,20,30,CAR,P2,,
23-09-2026,11:00,WEDNESDAY,20,35,BIKE,P3,,
23-09-2026,12:00,WEDNESDAY,20,25,CAR,P1,,
23-09-2026,12:00,WEDNESDAY,25,30,CAR,P2,,
23-09-2026,12:00,WEDNESDAY,30,35,BIKE,P3,,
23-09-2026,13:00,WEDNESDAY,20,25,CAR,P1,,
23-09-2026,13:00,WEDNESDAY,25,30,CAR,P2,,
23-09-2026,13:00,WEDNESDAY,30,35,BIKE,P3,,
23-09-2026,14:00,WEDNESDAY,20,25,CAR,P1,,
23-09-2026,14:00,WEDNESDAY,25,30,CAR,P2,,
23-09-2026,14:00,WEDNESDAY,30,35,BIKE,P3,,
23-09-2026,15:00,WEDNESDAY,20,25,CAR,P1,,
23-09-2026,15:00,WEDNESDAY,25,30,CAR,P2,,
23-09-2026,15:00,WEDNESDAY,30,35,BIKE,P3,,
23-09-2026,16:00,WEDNESDAY,20,25,CAR,P1,,
23-09-2026,16:00,WEDNESDAY,25,30,CAR,P2,,
23-09-2026,16:00,WEDNESDAY,30,35,BIKE,P3,,
23-09-2026,17:00,WEDNESDAY,17,25,CAR,P1,,
23-09-2026,17:00,WEDNESDAY,22,30,CAR,P2,,
23-09-2026,17:00,WEDNESDAY,32,35,BIKE,P3,,
23-09-2026,18:00,WEDNESDAY,18,25,CAR,P1,,
23-09-2026,18:00,WEDNESDAY,15,30,CAR,P2,,
23-09-2026,18:00,WEDNESDAY,18,35,BIKE,P3,,
23-09-2026,19:00,WEDNESDAY,11,25,CAR,P1,,
23-09-2026,19:00,WEDNESDAY,9,30,CAR,P2,,
23-09-2026,19:00,WEDNESDAY,6,35,BIKE,P3,,
24-09-2026,09:00,THURSDAY,0,25,CAR,P1,,
24-09-2026,09:00,THURSDAY,3,30,CAR,P2,,
24-09-2026,09:00,THURSDAY,5,35,BIKE,P3,,
24-09-2026,10:00,THURSDAY,5,25,CAR,P1,,
24-09-2026,10:00,THURSDAY,8,30,CAR,P2,,
24-09-2026,10:00,THURSDAY,10,35,BIKE,P3,,
24-09-2026,11:00,THURSDAY,15,25,CAR,P1,,
24-09-2026,11:00,THURSDAY,20,30,CAR,P2,,
24-09-2026,11:00,THURSDAY,20,35,BIKE,P3,,
24-09-2026,12:00,THURSDAY,20,25,CAR,P1,,
24-09-2026,12:00,THURSDAY,25,30,CAR,P2,,
24-09-2026,12:00,THURSDAY,30,35,BIKE,P3,,
24-09-2026,13:00,THURSDAY,20,25,CAR,P1,,
24-09-2026,13:00,THURSDAY,25,30,CAR,P2,,
24-09-2026,13:00,THURSDAY,30,35,BIKE,P3,,
24-09-2026,14:00,THURSDAY,20,25,CAR,P1,,
24-09-2026,14:00,THURSDAY,25,30,CAR,P2,,
24-09-2026,14:00,THURSDAY,30,35,BIKE,P3,,
24-09-2026,15:00,THURSDAY,20,25,CAR,P1,,
24-09-2026,15:00,THURSDAY,25,30,CAR,P2,,
24-09-2026,15:00,THURSDAY,30,35,BIKE,P3,,
24-09-2026,16:00,THURSDAY,20,25,CAR,P1,,
24-09-2026,16:00,THURSDAY,25,30,CAR,P2,,
24-09-2026,16:00,THURSDAY,30,35,BIKE,P3,,
24-09-2026,17:00,THURSDAY,17,25,CAR,P1,,
24-09-2026,17:00,THURSDAY,22,30,CAR,P2,,
24-09-2026,17:00,THURSDAY,32,35,BIKE,P3,,
24-09-2026,18:00,THURSDAY,18,25,CAR,P1,,
24-09-2026,18:00,THURSDAY,15,30,CAR,P2,,
24-09-2026,18:00,THURSDAY,18,35,BIKE,P3,,
24-09-2026,19:00,THURSDAY,11,25,CAR,P1,,
24-09-2026,19:00,THURSDAY,9,30,CAR,P2,,
24-09-2026,19:00,THURSDAY,6,35,BIKE,P3,,
25-09-2026,09:00,FRIDAY,0,25,CAR,P1,,
25-09-2026,09:00,FRIDAY,3,30,CAR,P2,,
25-09-2026,09:00,FRIDAY,5,35,BIKE,P3,,
25-09-2026,10:00,FRIDAY,5,25,CAR,P1,,
25-09-2026,10:00,FRIDAY,8,30,CAR,P2,,
25-09-2026,10:00,FRIDAY,10,35,BIKE,P3,,
25-09-2026,11:00,FRIDAY,15,25,CAR,P1,,
25-09-2026,11:00,FRIDAY,20,30,CAR,P2,,
25-09-2026,11:00,FRIDAY,20,35,BIKE,P3,,
25-09-2026,12:00,FRIDAY,20,25,CAR,P1,,
25-09-2026,12:00,FRIDAY,25,30,CAR,P2,,
25-09-2026,12:00,FRIDAY,30,35,BIKE,P3,,
25-09-2026,13:00,FRIDAY,20,25,CAR,P1,,
25-09-2026,13:00,FRIDAY,25,30,CAR,P2,,
25-09-2026,13:00,FRIDAY,30,35,BIKE,P3,,
25-09-2026,14:00,FRIDAY,20,25,CAR,P1,,
25-09-2026,14:00,FRIDAY,25,30,CAR,P2,,
25-09-2026,14:00,FRIDAY,30,35,BIKE,P3,,
25-09-2026,15:00,FRIDAY,20,25,CAR,P1,,
25-09-2026,15:00,FRIDAY,25,30,CAR,P2,,
25-09-2026,15:00,FRIDAY,30,35,BIKE,P3,,
25-09-2026,16:00,FRIDAY,20,25,CAR,P1,,
25-09-2026,16:00,FRIDAY,25,30,CAR,P2,,
25-09-2026,16:00,FRIDAY,30,35,BIKE,P3,,
25-09-2026,17:00,FRIDAY,17,25,CAR,P1,,
25-09-2026,17:00,FRIDAY,22,30,CAR,P2,,
25-09-2026,17:00,FRIDAY,32,35,BIKE,P3,,
25-09-2026,18:00,FRIDAY,18,25,CAR,P1,,
25-09-2026,18:00,FRIDAY,15,30,CAR,P2,,
25-09-2026,18:00,FRIDAY,18,35,BIKE,P3,,
25-09-2026,19:00,FRIDAY,11,25,CAR,P1,,
25-09-2026,19:00,FRIDAY,9,30,CAR,P2,,
25-09-2026,19:00,FRIDAY,6,35,BIKE,P3,,
26-09-2026,09:00,SATURDAY,0,25,CAR,P1,,
26-09-2026,09:00,SATURDAY,3,30,CAR,P2,,
26-09-2026,09:00,SATURDAY,5,35,BIKE,P3,,
26-09-2026,10:00,SATURDAY,5,25,CAR,P1,,
26-09-2026,10:00,SATURDAY,8,30,CAR,P2,,
26-09-2026,10:00,SATURDAY,10,35,BIKE,P3,,
26-09-2026,11:00,SATURDAY,15,25,CAR,P1,,
26-09-2026,11:00,SATURDAY,20,30,CAR,P2,,
26-09-2026,11:00,SATURDAY,20,35,BIKE,P3,,
26-09-2026,12:00,SATURDAY,20,25,CAR,P1,,
26-09-2026,12:00,SATURDAY,25,30,CAR,P2,,
26-09-2026,12:00,SATURDAY,30,35,BIKE,P3,,
26-09-2026,13:00,SATURDAY,20,25,CAR,P1,,
26-09-2026,13:00,SATURDAY,25,30,CAR,P2,,
26-09-2026,13:00,SATURDAY,30,35,BIKE,P3,,
26-09-2026,14:00,SATURDAY,20,25,CAR,P1,,
26-09-2026,14:00,SATURDAY,25,30,CAR,P2,,
26-09-2026,14:00,SATURDAY,30,35,BIKE,P3,,
26-09-2026,15:00,SATURDAY,20,25,CAR,P1,,
26-09-2026,15:00,SATURDAY,25,30,CAR,P2,,
26-09-2026,15:00,SATURDAY,30,35,BIKE,P3,,
26-09-2026,16:00,SATURDAY,20,25,CAR,P1,,
26-09-2026,16:00,SATURDAY,25,30,CAR,P2,,
26-09-2026,16:00,SATURDAY,30,35,BIKE,P3,,
26-09-2026,17:00,SATURDAY,17,25,CAR,P1,,
26-09-2026,17:00,SATURDAY,22,30,CAR,P2,,
26-09-2026,17:00,SATURDAY,32,35,BIKE,P3,,
26-09-2026,18:00,SATURDAY,18,25,CAR,P1,,
26-09-2026,18:00,SATURDAY,15,30,CAR,P2,,
26-09-2026,18:00,SATURDAY,18,35,BIKE,P3,,
26-09-2026,19:00,SATURDAY,11,25,CAR,P1,,
26-09-2026,19:00,SATURDAY,9,30,CAR,P2,,
26-09-2026,19:00,SATURDAY,6,35,BIKE,P3,,
27-09-2026,09:00,SUNDAY,0,25,CAR,P1,,
27-09-2026,09:00,SUNDAY,3,30,CAR,P2,,
27-09-2026,09:00,SUNDAY,5,35,BIKE,P3,,
27-09-2026,10:00,SUNDAY,5,25,CAR,P1,,
27-09-2026,10:00,SUNDAY,8,30,CAR,P2,,
27-09-2026,10:00,SUNDAY,10,35,BIKE,P3,,
27-09-2026,11:00,SUNDAY,15,25,CAR,P1,,
27-09-2026,11:00,SUNDAY,20,30,CAR,P2,,
27-09-2026,11:00,SUNDAY,20,35,BIKE,P3,,
27-09-2026,12:00,SUNDAY,20,25,CAR,P1,,
27-09-2026,12:00,SUNDAY,25,30,CAR,P2,,
27-09-2026,12:00,SUNDAY,30,35,BIKE,P3,,
27-09-2026,13:00,SUNDAY,20,25,CAR,P1,,
27-09-2026,13:00,SUNDAY,25,30,CAR,P2,,
27-09-2026,13:00,SUNDAY,30,35,BIKE,P3,,
27-09-2026,14:00,SUNDAY,20,25,CAR,P1,,
27-09-2026,14:00,SUNDAY,25,30,CAR,P2,,
27-09-2026,14:00,SUNDAY,30,35,BIKE,P3,,
27-09-2026,15:00,SUNDAY,20,25,CAR,P1,,
27-09-2026,15:00,SUNDAY,25,30,CAR,P2,,
27-09-2026,15:00,SUNDAY,30,35,BIKE,P3,,
27-09-2026,16:00,SUNDAY,20,25,CAR,P1,,
27-09-2026,16:00,SUNDAY,25,30,CAR,P2,,
27-09-2026,16:00,SUNDAY,30,35,BIKE,P3,,
27-09-2026,17:00,SUNDAY,17,25,CAR,P1,,
27-09-2026,17:00,SUNDAY,22,30,CAR,P2,,
27-09-2026,17:00,SUNDAY,32,35,BIKE,P3,,
27-09-2026,18:00,SUNDAY,18,25,CAR,P1,,
27-09-2026,18:00,SUNDAY,15,30,CAR,P2,,
27-09-2026,18:00,SUNDAY,18,35,BIKE,P3,,
27-09-2026,19:00,SUNDAY,11,25,CAR,P1,,
27-09-2026,19:00,SUNDAY,9,30,CAR,P2,,
27-09-2026,19:00,SUNDAY,6,35,BIKE,P3,,
28-09-2026,09:00,MONDAY,0,25,CAR,P1,,
28-09-2026,09:00,MONDAY,3,30,CAR,P2,,
28-09-2026,09:00,MONDAY,5,35,BIKE,P3,,
28-09-2026,10:00,MONDAY,5,25,CAR,P1,,
28-09-2026,10:00,MONDAY,8,30,CAR,P2,,
28-09-2026,10:00,MONDAY,10,35,BIKE,P3,,
28-09-2026,11:00,MONDAY,15,25,CAR,P1,,
28-09-2026,11:00,MONDAY,20,30,CAR,P2,,
28-09-2026,11:00,MONDAY,20,35,BIKE,P3,,
28-09-2026,12:00,MONDAY,20,25,CAR,P1,,
28-09-2026,12:00,MONDAY,25,30,CAR,P2,,
28-09-2026,12:00,MONDAY,30,35,BIKE,P3,,
28-09-2026,13:00,MONDAY,20,25,CAR,P1,,
28-09-2026,13:00,MONDAY,25,30,CAR,P2,,
28-09-2026,13:00,MONDAY,30,35,BIKE,P3,,
28-09-2026,14:00,MONDAY,20,25,CAR,P1,,
28-09-2026,14:00,MONDAY,25,30,CAR,P2,,
28-09-2026,14:00,MONDAY,30,35,BIKE,P3,,
28-09-2026,15:00,MONDAY,20,25,CAR,P1,,
28-09-2026,15:00,MONDAY,25,30,CAR,P2,,
28-09-2026,15:00,MONDAY,30,35,BIKE,P3,,
28-09-2026,16:00,MONDAY,20,25,CAR,P1,,
28-09-2026,16:00,MONDAY,25,30,CAR,P2,,
28-09-2026,16:00,MONDAY,30,35,BIKE,P3,,
28-09-2026,17:00,MONDAY,17,25,CAR,P1,,
28-09-2026,17:00,MONDAY,22,30,CAR,P2,,
28-09-2026,17:00,MONDAY,32,35,BIKE,P3,,
28-09-2026,18:00,MONDAY,18,25,CAR,P1,,
28-09-2026,18:00,MONDAY,15,30,CAR,P2,,
28-09-2026,18:00,MONDAY,18,35,BIKE,P3,,
28-09-2026,19:00,MONDAY,11,25,CAR,P1,,
28-09-2026,19:00,MONDAY,9,30,CAR,P2,,
28-09-2026,19:00,MONDAY,6,35,BIKE,P3,,
29-09-2026,09:00,TUESDAY,0,25,CAR,P1,,
29-09-2026,09:00,TUESDAY,3,30,CAR,P2,,
29-09-2026,09:00,TUESDAY,5,35,BIKE,P3,,
29-09-2026,10:00,TUESDAY,5,25,CAR,P1,,
29-09-2026,10:00,TUESDAY,8,30,CAR,P2,,
29-09-2026,10:00,TUESDAY,10,35,BIKE,P3,,
29-09-2026,11:00,TUESDAY,15,25,CAR,P1,,
29-09-2026,11:00,TUESDAY,20,30,CAR,P2,,
29-09-2026,11:00,TUESDAY,20,35,BIKE,P3,,
29-09-2026,12:00,TUESDAY,20,25,CAR,P1,,
29-09-2026,12:00,TUESDAY,25,30,CAR,P2,,
29-09-2026,12:00,TUESDAY,30,35,BIKE,P3,,
29-09-2026,13:00,TUESDAY,20,25,CAR,P1,,
29-09-2026,13:00,TUESDAY,25,30,CAR,P2,,
29-09-2026,13:00,TUESDAY,30,35,BIKE,P3,,
29-09-2026,14:00,TUESDAY,20,25,CAR,P1,,
29-09-2026,14:00,TUESDAY,25,30,CAR,P2,,
29-09-2026,14:00,TUESDAY,30,35,BIKE,P3,,
29-09-2026,15:00,TUESDAY,20,25,CAR,P1,,
29-09-2026,15:00,TUESDAY,25,30,CAR,P2,,
29-09-2026,15:00,TUESDAY,30,35,BIKE,P3,,
29-09-2026,16:00,TUESDAY,20,25,CAR,P1,,
29-09-2026,16:00,TUESDAY,25,30,CAR,P2,,
29-09-2026,16:00,TUESDAY,30,35,BIKE,P3,,
29-09-2026,17:00,TUESDAY,17,25,CAR,P1,,
29-09-2026,17:00,TUESDAY,22,30,CAR,P2,,
29-09-2026,17:00,TUESDAY,32,35,BIKE,P3,,
29-09-2026,18:00,TUESDAY,18,25,CAR,P1,,
29-09-2026,18:00,TUESDAY,15,30,CAR,P2,,
29-09-2026,18:00,TUESDAY,18,35,BIKE,P3,,
29-09-2026,19:00,TUESDAY,11,25,CAR,P1,,
29-09-2026,19:00,TUESDAY,9,30,CAR,P2,,
29-09-2026,19:00,TUESDAY,6,35,BIKE,P3,,
30-09-2026,09:00,WEDNESDAY,0,25,CAR,P1,,
30-09-2026,09:00,WEDNESDAY,3,30,CAR,P2,,
30-09-2026,09:00,WEDNESDAY,5,35,BIKE,P3,,
30-09-2026,10:00,WEDNESDAY,5,25,CAR,P1,,
30-09-2026,10:00,WEDNESDAY,8,30,CAR,P2,,
30-09-2026,10:00,WEDNESDAY,10,35,BIKE,P3,,
30-09-2026,11:00,WEDNESDAY,15,25,CAR,P1,,
30-09-2026,11:00,WEDNESDAY,20,30,CAR,P2,,
30-09-2026,11:00,WEDNESDAY,20,35,BIKE,P3,,
30-09-2026,12:00,WEDNESDAY,20,25,CAR,P1,,
30-09-2026,12:00,WEDNESDAY,25,30,CAR,P2,,
30-09-2026,12:00,WEDNESDAY,30,35,BIKE,P3,,
30-09-2026,13:00,WEDNESDAY,20,25,CAR,P1,,
30-09-2026,13:00,WEDNESDAY,25,30,CAR,P2,,
30-09-2026,13:00,WEDNESDAY,30,35,BIKE,P3,,
30-09-2026,14:00,WEDNESDAY,20,25,CAR,P1,,
30-09-2026,14:00,WEDNESDAY,25,30,CAR,P2,,
30-09-2026,14:00,WEDNESDAY,30,35,BIKE,P3,,
30-09-2026,15:00,WEDNESDAY,20,25,CAR,P1,,
30-09-2026,15:00,WEDNESDAY,25,30,CAR,P2,,
30-09-2026,15:00,WEDNESDAY,30,35,BIKE,P3,,
30-09-2026,16:00,WEDNESDAY,20,25,CAR,P1,,
30-09-2026,16:00,WEDNESDAY,25,30,CAR,P2,,
30-09-2026,16:00,WEDNESDAY,30,35,BIKE,P3,,
30-09-2026,17:00,WEDNESDAY,17,25,CAR,P1,,
30-09-2026,17:00,WEDNESDAY,22,30,CAR,P2,,
30-09-2026,17:00,WEDNESDAY,32,35,BIKE,P3,,
30-09-2026,18:00,WEDNESDAY,18,25,CAR,P1,,
30-09-2026,18:00,WEDNESDAY,15,30,CAR,P2,,
30-09-2026,18:00,WEDNESDAY,18,35,BIKE,P3,,
30-09-2026,19:00,WEDNESDAY,11,25,CAR,P1,,
30-09-2026,19:00,WEDNESDAY,9,30,CAR,P2,,
30-09-2026,19:00,WEDNESDAY,6,35,BIKE,P3,,
01-10-2026,09:00,THURSDAY,0,25,CAR,P1,,
01-10-2026,09:00,THURSDAY,3,30,CAR,P2,,
01-10-2026,09:00,THURSDAY,5,35,BIKE,P3,,
01-10-2026,10:00,THURSDAY,5,25,CAR,P1,,
01-10-2026,10:00,THURSDAY,8,30,CAR,P2,,
01-10-2026,10:00,THURSDAY,10,35,BIKE,P3,,
01-10-2026,11:00,THURSDAY,15,25,CAR,P1,,
01-10-2026,11:00,THURSDAY,20,30,CAR,P2,,
01-10-2026,11:00,THURSDAY,20,35,BIKE,P3,,
01-10-2026,12:00,THURSDAY,20,25,CAR,P1,,
01-10-2026,12:00,THURSDAY,25,30,CAR,P2,,
01-10-2026,12:00,THURSDAY,30,35,BIKE,P3,,
01-10-2026,13:00,THURSDAY,20,25,CAR,P1,,
01-10-2026,13:00,THURSDAY,25,30,CAR,P2,,
01-10-2026,13:00,THURSDAY,30,35,BIKE,P3,,
01-10-2026,14:00,THURSDAY,20,25,CAR,P1,,
01-10-2026,14:00,THURSDAY,25,30,CAR,P2,,
01-10-2026,14:00,THURSDAY,30,35,BIKE,P3,,
01-10-2026,15:00,THURSDAY,20,25,CAR,P1,,
01-10-2026,15:00,THURSDAY,25,30,CAR,P2,,
01-10-2026,15:00,THURSDAY,30,35,BIKE,P3,,
01-10-2026,16:00,THURSDAY,20,25,CAR,P1,,
01-10-2026,16:00,THURSDAY,25,30,CAR,P2,,
01-10-2026,16:00,THURSDAY,30,35,BIKE,P3,,
01-10-2026,17:00,THURSDAY,17,25,CAR,P1,,
01-10-2026,17:00,THURSDAY,22,30,CAR,P2,,
01-10-2026,17:00,THURSDAY,32,35,BIKE,P3,,
01-10-2026,18:00,THURSDAY,18,25,CAR,P1,,
01-10-2026,18:00,THURSDAY,15,30,CAR,P2,,
01-10-2026,18:00,THURSDAY,18,35,BIKE,P3,,
01-10-2026,19:00,THURSDAY,11,25,CAR,P1,,
01-10-2026,19:00,THURSDAY,9,30,CAR,P2,,
01-10-2026,19:00,THURSDAY,6,35,BIKE,P3,,
02-10-2026,09:00,FRIDAY,0,25,CAR,P1,,
02-10-2026,09:00,FRIDAY,3,30,CAR,P2,,
02-10-2026,09:00,FRIDAY,5,35,BIKE,P3,,
02-10-2026,10:00,FRIDAY,5,25,CAR,P1,,
02-10-2026,10:00,FRIDAY,8,30,CAR,P2,,
02-10-2026,10:00,FRIDAY,10,35,BIKE,P3,,
02-10-2026,11:00,FRIDAY,15,25,CAR,P1,,
02-10-2026,11:00,FRIDAY,20,30,CAR,P2,,
02-10-2026,11:00,FRIDAY,20,35,BIKE,P3,,
02-10-2026,12:00,FRIDAY,20,25,CAR,P1,,
02-10-2026,12:00,FRIDAY,25,30,CAR,P2,,
02-10-2026,12:00,FRIDAY,30,35,BIKE,P3,,
02-10-2026,13:00,FRIDAY,20,25,CAR,P1,,
02-10-2026,13:00,FRIDAY,25,30,CAR,P2,,
02-10-2026,13:00,FRIDAY,30,35,BIKE,P3,,
02-10-2026,14:00,FRIDAY,20,25,CAR,P1,,
02-10-2026,14:00,FRIDAY,25,30,CAR,P2,,
02-10-2026,14:00,FRIDAY,30,35,BIKE,P3,,
02-10-2026,15:00,FRIDAY,20,25,CAR,P1,,
02-10-2026,15:00,FRIDAY,25,30,CAR,P2,,
02-10-2026,15:00,FRIDAY,30,35,BIKE,P3,,
02-10-2026,16:00,FRIDAY,20,25,CAR,P1,,
02-10-2026,16:00,FRIDAY,25,30,CAR,P2,,
02-10-2026,16:00,FRIDAY,30,35,BIKE,P3,,
02-10-2026,17:00,FRIDAY,17,25,CAR,P1,,
02-10-2026,17:00,FRIDAY,22,30,CAR,P2,,
02-10-2026,17:00,FRIDAY,32,35,BIKE,P3,,
02-10-2026,18:00,FRIDAY,18,25,CAR,P1,,
02-10-2026,18:00,FRIDAY,15,30,CAR,P2,,
02-10-2026,18:00,FRIDAY,18,35,BIKE,P3,,
02-10-2026,19:00,FRIDAY,11,25,CAR,P1,,
02-10-2026,19:00,FRIDAY,9,30,CAR,P2,,
02-10-2026,19:00,FRIDAY,6,35,BIKE,P3,,
03-10-2026,09:00,SATURDAY,0,25,CAR,P1,,
03-10-2026,09:00,SATURDAY,3,30,CAR,P2,,
03-10-2026,09:00,SATURDAY,5,35,BIKE,P3,,
03-10-2026,10:00,SATURDAY,5,25,CAR,P1,,
03-10-2026,10:00,SATURDAY,8,30,CAR,P2,,
03-10-2026,10:00,SATURDAY,10,35,BIKE,P3,,
03-10-2026,11:00,SATURDAY,15,25,CAR,P1,,
03-10-2026,11:00,SATURDAY,20,30,CAR,P2,,
03-10-2026,11:00,SATURDAY,20,35,BIKE,P3,,
03-10-2026,12:00,SATURDAY,20,25,CAR,P1,,
03-10-2026,12:00,SATURDAY,25,30,CAR,P2,,
03-10-2026,12:00,SATURDAY,30,35,BIKE,P3,,
03-10-2026,13:00,SATURDAY,20,25,CAR,P1,,
03-10-2026,13:00,SATURDAY,25,30,CAR,P2,,
03-10-2026,13:00,SATURDAY,30,35,BIKE,P3,,
03-10-2026,14:00,SATURDAY,20,25,CAR,P1,,
03-10-2026,14:00,SATURDAY,25,30,CAR,P2,,
03-10-2026,14:00,SATURDAY,30,35,BIKE,P3,,
03-10-2026,15:00,SATURDAY,20,25,CAR,P1,,
03-10-2026,15:00,SATURDAY,25,30,CAR,P2,,
03-10-2026,15:00,SATURDAY,30,35,BIKE,P3,,
03-10-2026,16:00,SATURDAY,20,25,CAR,P1,,
03-10-2026,16:00,SATURDAY,25,30,CAR,P2,,
03-10-2026,16:00,SATURDAY,30,35,BIKE,P3,,
03-10-2026,17:00,SATURDAY,17,25,CAR,P1,,
03-10-2026,17:00,SATURDAY,22,30,CAR,P2,,
03-10-2026,17:00,SATURDAY,32,35,BIKE,P3,,
03-10-2026,18:00,SATURDAY,18,25,CAR,P1,,
03-10-2026,18:00,SATURDAY,15,30,CAR,P2,,
03-10-2026,18:00,SATURDAY,18,35,BIKE,P3,,
03-10-2026,19:00,SATURDAY,11,25,CAR,P1,,
03-10-2026,19:00,SATURDAY,9,30,CAR,P2,,
03-10-2026,19:00,SATURDAY,6,35,BIKE,P3,,
04-10-2026,09:00,SUNDAY,0,25,CAR,P1,,
04-10-2026,09:00,SUNDAY,3,30,CAR,P2,,
04-10-2026,09:00,SUNDAY,5,35,BIKE,P3,,
04-10-2026,10:00,SUNDAY,5,25,CAR,P1,,
04-10-2026,10:00,SUNDAY,8,30,CAR,P2,,
04-10-2026,10:00,SUNDAY,10,35,BIKE,P3,,
04-10-2026,11:00,SUNDAY,15,25,CAR,P1,,
04-10-2026,11:00,SUNDAY,20,30,CAR,P2,,
04-10-2026,11:00,SUNDAY,20,35,BIKE,P3,,
04-10-2026,12:00,SUNDAY,20,25,CAR,P1,,
04-10-2026,12:00,SUNDAY,25,30,CAR,P2,,
04-10-2026,12:00,SUNDAY,30,35,BIKE,P3,,
04-10-2026,13:00,SUNDAY,20,25,CAR,P1,,
04-10-2026,13:00,SUNDAY,25,30,CAR,P2,,
04-10-2026,13:00,SUNDAY,30,35,BIKE,P3,,
04-10-2026,14:00,SUNDAY,20,25,CAR,P1,,
04-10-2026,14:00,SUNDAY,25,30,CAR,P2,,
04-10-2026,14:00,SUNDAY,30,35,BIKE,P3,,
04-10-2026,15:00,SUNDAY,20,25,CAR,P1,,
04-10-2026,15:00,SUNDAY,25,30,CAR,P2,,
04-10-2026,15:00,SUNDAY,30,35,BIKE,P3,,
04-10-2026,16:00,SUNDAY,20,25,CAR,P1,,
04-10-2026,16:00,SUNDAY,25,30,CAR,P2,,
04-10-2026,16:00,SUNDAY,30,35,BIKE,P3,,
04-10-2026,17:00,SUNDAY,17,25,CAR,P1,,
04-10-2026,17:00,SUNDAY,22,30,CAR,P2,,
04-10-2026,17:00,SUNDAY,32,35,BIKE,P3,,
04-10-2026,18:00,SUNDAY,18,25,CAR,P1,,
04-10-2026,18:00,SUNDAY,15,30,CAR,P2,,
04-10-2026,18:00,SUNDAY,18,35,BIKE,P3,,
04-10-2026,19:00,SUNDAY,11,25,CAR,P1,,
04-10-2026,19:00,SUNDAY,9,30,CAR,P2,,
04-10-2026,19:00,SUNDAY,6,35,BIKE,P3,,
05-10-2026,09:00,MONDAY,0,25,CAR,P1,,
05-10-2026,09:00,MONDAY,3,30,CAR,P2,,
05-10-2026,09:00,MONDAY,5,35,BIKE,P3,,
05-10-2026,10:00,MONDAY,5,25,CAR,P1,,
05-10-2026,10:00,MONDAY,8,30,CAR,P2,,
05-10-2026,10:00,MONDAY,10,35,BIKE,P3,,
05-10-2026,11:00,MONDAY,15,25,CAR,P1,,
05-10-2026,11:00,MONDAY,20,30,CAR,P2,,
05-10-2026,11:00,MONDAY,20,35,BIKE,P3,,
05-10-2026,12:00,MONDAY,20,25,CAR,P1,,
05-10-2026,12:00,MONDAY,25,30,CAR,P2,,
05-10-2026,12:00,MONDAY,30,35,BIKE,P3,,
05-10-2026,13:00,MONDAY,20,25,CAR,P1,,
05-10-2026,13:00,MONDAY,25,30,CAR,P2,,
05-10-2026,13:00,MONDAY,30,35,BIKE,P3,,
05-10-2026,14:00,MONDAY,20,25,CAR,P1,,
05-10-2026,14:00,MONDAY,25,30,CAR,P2,,
05-10-2026,14:00,MONDAY,30,35,BIKE,P3,,
05-10-2026,15:00,MONDAY,20,25,CAR,P1,,
05-10-2026,15:00,MONDAY,25,30,CAR,P2,,
05-10-2026,15:00,MONDAY,30,35,BIKE,P3,,
05-10-2026,16:00,MONDAY,20,25,CAR,P1,,
05-10-2026,16:00,MONDAY,25,30,CAR,P2,,
05-10-2026,16:00,MONDAY,30,35,BIKE,P3,,
05-10-2026,17:00,MONDAY,17,25,CAR,P1,,
05-10-2026,17:00,MONDAY,22,30,CAR,P2,,
05-10-2026,17:00,MONDAY,32,35,BIKE,P3,,
05-10-2026,18:00,MONDAY,18,25,CAR,P1,,
05-10-2026,18:00,MONDAY,15,30,CAR,P2,,
05-10-2026,18:00,MONDAY,18,35,BIKE,P3,,
05-10-2026,19:00,MONDAY,11,25,CAR,P1,,
05-10-2026,19:00,MONDAY,9,30,CAR,P2,,
05-10-2026,19:00,MONDAY,6,35,BIKE,P3,,
06-10-2026,09:00,TUESDAY,0,25,CAR,P1,,
06-10-2026,09:00,TUESDAY,3,30,CAR,P2,,
06-10-2026,09:00,TUESDAY,5,35,BIKE,P3,,
06-10-2026,10:00,TUESDAY,5,25,CAR,P1,,
06-10-2026,10:00,TUESDAY,8,30,CAR,P2,,
06-10-2026,10:00,TUESDAY,10,35,BIKE,P3,,
06-10-2026,11:00,TUESDAY,15,25,CAR,P1,,
06-10-2026,11:00,TUESDAY,20,30,CAR,P2,,
06-10-2026,11:00,TUESDAY,20,35,BIKE,P3,,
06-10-2026,12:00,TUESDAY,20,25,CAR,P1,,
06-10-2026,12:00,TUESDAY,25,30,CAR,P2,,
06-10-2026,12:00,TUESDAY,30,35,BIKE,P3,,
06-10-2026,13:00,TUESDAY,20,25,CAR,P1,,
06-10-2026,13:00,TUESDAY,25,30,CAR,P2,,
06-10-2026,13:00,TUESDAY,30,35,BIKE,P3,,
06-10-2026,14:00,TUESDAY,20,25,CAR,P1,,
06-10-2026,14:00,TUESDAY,25,30,CAR,P2,,
06-10-2026,14:00,TUESDAY,30,35,BIKE,P3,,
06-10-2026,15:00,TUESDAY,20,25,CAR,P1,,
06-10-2026,15:00,TUESDAY,25,30,CAR,P2,,
06-10-2026,15:00,TUESDAY,30,35,BIKE,P3,,
06-10-2026,16:00,TUESDAY,20,25,CAR,P1,,
06-10-2026,16:00,TUESDAY,25,30,CAR,P2,,
06-10-2026,16:00,TUESDAY,30,35,BIKE,P3,,
06-10-2026,17:00,TUESDAY,17,25,CAR,P1,,
06-10-2026,17:00,TUESDAY,22,30,CAR,P2,,
06-10-2026,17:00,TUESDAY,32,35,BIKE,P3,,
06-10-2026,18:00,TUESDAY,18,25,CAR,P1,,
06-10-2026,18:00,TUESDAY,15,30,CAR,P2,,
06-10-2026,18:00,TUESDAY,18,35,BIKE,P3,,
06-10-2026,19:00,TUESDAY,11,25,CAR,P1,,
06-10-2026,19:00,TUESDAY,9,30,CAR,P2,,
06-10-2026,19:00,TUESDAY,6,35,BIKE,P3,,
07-10-2026,09:00,WEDNESDAY,0,25,CAR,P1,,
07-10-2026,09:00,WEDNESDAY,3,30,CAR,P2,,
07-10-2026,09:00,WEDNESDAY,5,35,BIKE,P3,,
07-10-2026,10:00,WEDNESDAY,5,25,CAR,P1,,
07-10-2026,10:00,WEDNESDAY,8,30,CAR,P2,,
07-10-2026,10:00,WEDNESDAY,10,35,BIKE,P3,,
07-10-2026,11:00,WEDNESDAY,15,25,CAR,P1,,
07-10-2026,11:00,WEDNESDAY,20,30,CAR,P2,,
07-10-2026,11:00,WEDNESDAY,20,35,BIKE,P3,,
07-10-2026,12:00,WEDNESDAY,20,25,CAR,P1,,
07-10-2026,12:00,WEDNESDAY,25,30,CAR,P2,,
07-10-2026,12:00,WEDNESDAY,30,35,BIKE,P3,,
07-10-2026,13:00,WEDNESDAY,20,25,CAR,P1,,
07-10-2026,13:00,WEDNESDAY,25,30,CAR,P2,,
07-10-2026,13:00,WEDNESDAY,30,35,BIKE,P3,,
07-10-2026,14:00,WEDNESDAY,20,25,CAR,P1,,
07-10-2026,14:00,WEDNESDAY,25,30,CAR,P2,,
07-10-2026,14:00,WEDNESDAY,30,35,BIKE,P3,,
07-10-2026,15:00,WEDNESDAY,20,25,CAR,P1,,
07-10-2026,15:00,WEDNESDAY,25,30,CAR,P2,,
07-10-2026,15:00,WEDNESDAY,30,35,BIKE,P3,,
07-10-2026,16:00,WEDNESDAY,20,25,CAR,P1,,
07-10-2026,16:00,WEDNESDAY,25,30,CAR,P2,,
07-10-2026,16:00,WEDNESDAY,30,35,BIKE,P3,,
07-10-2026,17:00,WEDNESDAY,17,25,CAR,P1,,
07-10-2026,17:00,WEDNESDAY,22,30,CAR,P2,,
07-10-2026,17:00,WEDNESDAY,32,35,BIKE,P3,,
07-10-2026,18:00,WEDNESDAY,18,25,CAR,P1,,
07-10-2026,18:00,WEDNESDAY,15,30,CAR,P2,,
07-10-2026,18:00,WEDNESDAY,18,35,BIKE,P3,,
07-10-2026,19:00,WEDNESDAY,11,25,CAR,P1,,
07-10-2026,19:00,WEDNESDAY,9,30,CAR,P2,,
07-10-2026,19:00,WEDNESDAY,6,35,BIKE,P3,,
08-10-2026,09:00,THURSDAY,0,25,CAR,P1,,
08-10-2026,09:00,THURSDAY,3,30,CAR,P2,,
08-10-2026,09:00,THURSDAY,5,35,BIKE,P3,,
08-10-2026,10:00,THURSDAY,5,25,CAR,P1,,
08-10-2026,10:00,THURSDAY,8,30,CAR,P2,,
08-10-2026,10:00,THURSDAY,10,35,BIKE,P3,,
08-10-2026,11:00,THURSDAY,15,25,CAR,P1,,
08-10-2026,11:00,THURSDAY,20,30,CAR,P2,,
08-10-2026,11:00,THURSDAY,20,35,BIKE,P3,,
08-10-2026,12:00,THURSDAY,20,25,CAR,P1,,
08-10-2026,12:00,THURSDAY,25,30,CAR,P2,,
08-10-2026,12:00,THURSDAY,30,35,BIKE,P3,,
08-10-2026,13:00,THURSDAY,20,25,CAR,P1,,
08-10-2026,13:00,THURSDAY,25,30,CAR,P2,,
08-10-2026,13:00,THURSDAY,30,35,BIKE,P3,,
08-10-2026,14:00,THURSDAY,20,25,CAR,P1,,
08-10-2026,14:00,THURSDAY,25,30,CAR,P2,,
08-10-2026,14:00,THURSDAY,30,35,BIKE,P3,,
08-10-2026,15:00,THURSDAY,20,25,CAR,P1,,
08-10-2026,15:00,THURSDAY,25,30,CAR,P2,,
08-10-2026,15:00,THURSDAY,30,35,BIKE,P3,,
08-10-2026,16:00,THURSDAY,20,25,CAR,P1,,
08-10-2026,16:00,THURSDAY,25,30,CAR,P2,,
08-10-2026,16:00,THURSDAY,30,35,BIKE,P3,,
08-10-2026,17:00,THURSDAY,17,25,CAR,P1,,
08-10-2026,17:00,THURSDAY,22,30,CAR,P2,,
08-10-2026,17:00,THURSDAY,32,35,BIKE,P3,,
08-10-2026,18:00,THURSDAY,18,25,CAR,P1,,
08-10-2026,18:00,THURSDAY,15,30,CAR,P2,,
08-10-2026,18:00,THURSDAY,18,35,BIKE,P3,,
08-10-2026,19:00,THURSDAY,11,25,CAR,P1,,
08-10-2026,19:00,THURSDAY,9,30,CAR,P2,,
08-10-2026,19:00,THURSDAY,6,35,BIKE,P3,,
09-10-2026,09:00,FRIDAY,0,25,CAR,P1,,
09-10-2026,09:00,FRIDAY,3,30,CAR,P2,,
09-10-2026,09:00,FRIDAY,5,35,BIKE,P3,,
09-10-2026,10:00,FRIDAY,5,25,CAR,P1,,
09-10-2026,10:00,FRIDAY,8,30,CAR,P2,,
09-10-2026,10:00,FRIDAY,10,35,BIKE,P3,,
09-10-2026,11:00,FRIDAY,15,25,CAR,P1,,
09-10-2026,11:00,FRIDAY,20,30,CAR,P2,,
09-10-2026,11:00,FRIDAY,20,35,BIKE,P3,,
09-10-2026,12:00,FRIDAY,20,25,CAR,P1,,
09-10-2026,12:00,FRIDAY,25,30,CAR,P2,,
09-10-2026,12:00,FRIDAY,30,35,BIKE,P3,,
09-10-2026,13:00,FRIDAY,20,25,CAR,P1,,
09-10-2026,13:00,FRIDAY,25,30,CAR,P2,,
09-10-2026,13:00,FRIDAY,30,35,BIKE,P3,,
09-10-2026,14:00,FRIDAY,20,25,CAR,P1,,
09-10-2026,14:00,FRIDAY,25,30,CAR,P2,,
09-10-2026,14:00,FRIDAY,30,35,BIKE,P3,,
09-10-2026,15:00,FRIDAY,20,25,CAR,P1,,
09-10-2026,15:00,FRIDAY,25,30,CAR,P2,,
09-10-2026,15:00,FRIDAY,30,35,BIKE,P3,,
09-10-2026,16:00,FRIDAY,20,25,CAR,P1,,
09-10-2026,16:00,FRIDAY,25,30,CAR,P2,,
09-10-2026,16:00,FRIDAY,30,35,BIKE,P3,,
09-10-2026,17:00,FRIDAY,17,25,CAR,P1,,
09-10-2026,17:00,FRIDAY,22,30,CAR,P2,,
09-10-2026,17:00,FRIDAY,32,35,BIKE,P3,,
09-10-2026,18:00,FRIDAY,18,25,CAR,P1,,
09-10-2026,18:00,FRIDAY,15,30,CAR,P2,,
09-10-2026,18:00,FRIDAY,18,35,BIKE,P3,,
09-10-2026,19:00,FRIDAY,11,25,CAR,P1,,
09-10-2026,19:00,FRIDAY,9,30,CAR,P2,,
09-10-2026,19:00,FRIDAY,6,35,BIKE,P3,,
10-10-2026,09:00,SATURDAY,0,25,CAR,P1,,
10-10-2026,09:00,SATURDAY,3,30,CAR,P2,,
10-10-2026,09:00,SATURDAY,5,35,BIKE,P3,,
10-10-2026,10:00,SATURDAY,5,25,CAR,P1,,
10-10-2026,10:00,SATURDAY,8,30,CAR,P2,,
10-10-2026,10:00,SATURDAY,10,35,BIKE,P3,,
10-10-2026,11:00,SATURDAY,15,25,CAR,P1,,
10-10-2026,11:00,SATURDAY,20,30,CAR,P2,,
10-10-2026,11:00,SATURDAY,20,35,BIKE,P3,,
10-10-2026,12:00,SATURDAY,20,25,CAR,P1,,
10-10-2026,12:00,SATURDAY,25,30,CAR,P2,,
10-10-2026,12:00,SATURDAY,30,35,BIKE,P3,,
10-10-2026,13:00,SATURDAY,20,25,CAR,P1,,
10-10-2026,13:00,SATURDAY,25,30,CAR,P2,,
10-10-2026,13:00,SATURDAY,30,35,BIKE,P3,,
10-10-2026,14:00,SATURDAY,20,25,CAR,P1,,
10-10-2026,14:00,SATURDAY,25,30,CAR,P2,,
10-10-2026,14:00,SATURDAY,30,35,BIKE,P3,,
10-10-2026,15:00,SATURDAY,20,25,CAR,P1,,
10-10-2026,15:00,SATURDAY,25,30,CAR,P2,,
10-10-2026,15:00,SATURDAY,30,35,BIKE,P3,,
10-10-2026,16:00,SATURDAY,20,25,CAR,P1,,
10-10-2026,16:00,SATURDAY,25,30,CAR,P2,,
10-10-2026,16:00,SATURDAY,30,35,BIKE,P3,,
10-10-2026,17:00,SATURDAY,17,25,CAR,P1,,
10-10-2026,17:00,SATURDAY,22,30,CAR,P2,,
10-10-2026,17:00,SATURDAY,32,35,BIKE,P3,,
10-10-2026,18:00,SATURDAY,18,25,CAR,P1,,
10-10-2026,18:00,SATURDAY,15,30,CAR,P2,,
10-10-2026,18:00,SATURDAY,18,35,BIKE,P3,,
10-10-2026,19:00,SATURDAY,11,25,CAR,P1,,
10-10-2026,19:00,SATURDAY,9,30,CAR,P2,,
10-10-2026,19:00,SATURDAY,6,35,BIKE,P3,,
11-10-2026,09:00,SUNDAY,0,25,CAR,P1,,
11-10-2026,09:00,SUNDAY,3,30,CAR,P2,,
11-10-2026,09:00,SUNDAY,5,35,BIKE,P3,,
11-10-2026,10:00,SUNDAY,5,25,CAR,P1,,
11-10-2026,10:00,SUNDAY,8,30,CAR,P2,,
11-10-2026,10:00,SUNDAY,10,35,BIKE,P3,,
11-10-2026,11:00,SUNDAY,15,25,CAR,P1,,
11-10-2026,11:00,SUNDAY,20,30,CAR,P2,,
11-10-2026,11:00,SUNDAY,20,35,BIKE,P3,,
11-10-2026,12:00,SUNDAY,20,25,CAR,P1,,
11-10-2026,12:00,SUNDAY,25,30,CAR,P2,,
11-10-2026,12:00,SUNDAY,30,35,BIKE,P3,,
11-10-2026,13:00,SUNDAY,20,25,CAR,P1,,
11-10-2026,13:00,SUNDAY,25,30,CAR,P2,,
11-10-2026,13:00,SUNDAY,30,35,BIKE,P3,,
11-10-2026,14:00,SUNDAY,20,25,CAR,P1,,
11-10-2026,14:00,SUNDAY,25,30,CAR,P2,,
11-10-2026,14:00,SUNDAY,30,35,BIKE,P3,,
11-10-2026,15:00,SUNDAY,20,25,CAR,P1,,
11-10-2026,15:00,SUNDAY,25,30,CAR,P2,,
11-10-2026,15:00,SUNDAY,30,35,BIKE,P3,,
11-10-2026,16:00,SUNDAY,20,25,CAR,P1,,
11-10-2026,16:00,SUNDAY,25,30,CAR,P2,,
11-10-2026,16:00,SUNDAY,30,35,BIKE,P3,,
11-10-2026,17:00,SUNDAY,17,25,CAR,P1,,
11-10-2026,17:00,SUNDAY,22,30,CAR,P2,,
11-10-2026,17:00,SUNDAY,32,35,BIKE,P3,,
11-10-2026,18:00,SUNDAY,18,25,CAR,P1,,
11-10-2026,18:00,SUNDAY,15,30,CAR,P2,,
11-10-2026,18:00,SUNDAY,18,35,BIKE,P3,,
11-10-2026,19:00,SUNDAY,11,25,CAR,P1,,
11-10-2026,19:00,SUNDAY,9,30,CAR,P2,,
11-10-2026,19:00,SUNDAY,6,35,BIKE,P3,,
12-10-2026,09:00,MONDAY,0,25,CAR,P1,,
12-10-2026,09:00,MONDAY,3,30,CAR,P2,,
12-10-2026,09:00,MONDAY,5,35,BIKE,P3,,
12-10-2026,10:00,MONDAY,5,25,CAR,P1,,
12-10-2026,10:00,MONDAY,8,30,CAR,P2,,
12-10-2026,10:00,MONDAY,10,35,BIKE,P3,,
12-10-2026,11:00,MONDAY,15,25,CAR,P1,,
12-10-2026,11:00,MONDAY,20,30,CAR,P2,,
12-10-2026,11:00,MONDAY,20,35,BIKE,P3,,
12-10-2026,12:00,MONDAY,20,25,CAR,P1,,
12-10-2026,12:00,MONDAY,25,30,CAR,P2,,
12-10-2026,12:00,MONDAY,30,35,BIKE,P3,,
12-10-2026,13:00,MONDAY,20,25,CAR,P1,,
12-10-2026,13:00,MONDAY,25,30,CAR,P2,,
12-10-2026,13:00,MONDAY,30,35,BIKE,P3,,
12-10-2026,14:00,MONDAY,20,25,CAR,P1,,
12-10-2026,14:00,MONDAY,25,30,CAR,P2,,
12-10-2026,14:00,MONDAY,30,35,BIKE,P3,,
12-10-2026,15:00,MONDAY,20,25,CAR,P1,,
12-10-2026,15:00,MONDAY,25,30,CAR,P2,,
12-10-2026,15:00,MONDAY,30,35,BIKE,P3,,
12-10-2026,16:00,MONDAY,20,25,CAR,P1,,
12-10-2026,16:00,MONDAY,25,30,CAR,P2,,
12-10-2026,16:00,MONDAY,30,35,BIKE,P3,,
12-10-2026,17:00,MONDAY,17,25,CAR,P1,,
12-10-2026,17:00,MONDAY,22,30,CAR,P2,,
12-10-2026,17:00,MONDAY,32,35,BIKE,P3,,
12-10-2026,18:00,MONDAY,18,25,CAR,P1,,
12-10-2026,18:00,MONDAY,15,30,CAR,P2,,
12-10-2026,18:00,MONDAY,18,35,BIKE,P3,,
12-10-2026,19:00,MONDAY,11,25,CAR,P1,,
12-10-2026,19:00,MONDAY,9,30,CAR,P2,,
12-10-2026,19:00,MONDAY,6,35,BIKE,P3,,
13-10-2026,09:00,TUESDAY,0,25,CAR,P1,,
13-10-2026,09:00,TUESDAY,3,30,CAR,P2,,
13-10-2026,09:00,TUESDAY,5,35,BIKE,P3,,
13-10-2026,10:00,TUESDAY,5,25,CAR,P1,,
13-10-2026,10:00,TUESDAY,8,30,CAR,P2,,
13-10-2026,10:00,TUESDAY,10,35,BIKE,P3,,
13-10-2026,11:00,TUESDAY,15,25,CAR,P1,,
13-10-2026,11:00,TUESDAY,20,30,CAR,P2,,
13-10-2026,11:00,TUESDAY,20,35,BIKE,P3,,
13-10-2026,12:00,TUESDAY,20,25,CAR,P1,,
13-10-2026,12:00,TUESDAY,25,30,CAR,P2,,
13-10-2026,12:00,TUESDAY,30,35,BIKE,P3,,
13-10-2026,13:00,TUESDAY,20,25,CAR,P1,,
13-10-2026,13:00,TUESDAY,25,30,CAR,P2,,
13-10-2026,13:00,TUESDAY,30,35,BIKE,P3,,
13-10-2026,14:00,TUESDAY,20,25,CAR,P1,,
13-10-2026,14:00,TUESDAY,25,30,CAR,P2,,
13-10-2026,14:00,TUESDAY,30,35,BIKE,P3,,
13-10-2026,15:00,TUESDAY,20,25,CAR,P1,,
13-10-2026,15:00,TUESDAY,25,30,CAR,P2,,
13-10-2026,15:00,TUESDAY,30,35,BIKE,P3,,
13-10-2026,16:00,TUESDAY,20,25,CAR,P1,,
13-10-2026,16:00,TUESDAY,25,30,CAR,P2,,
13-10-2026,16:00,TUESDAY,30,35,BIKE,P3,,
13-10-2026,17:00,TUESDAY,17,25,CAR,P1,,
13-10-2026,17:00,TUESDAY,22,30,CAR,P2,,
13-10-2026,17:00,TUESDAY,32,35,BIKE,P3,,
13-10-2026,18:00,TUESDAY,18,25,CAR,P1,,
13-10-2026,18:00,TUESDAY,15,30,CAR,P2,,
13-10-2026,18:00,TUESDAY,18,35,BIKE,P3,,
13-10-2026,19:00,TUESDAY,11,25,CAR,P1,,
13-10-2026,19:00,TUESDAY,9,30,CAR,P2,,
13-10-2026,19:00,TUESDAY,6,35,BIKE,P3,,
14-10-2026,09:00,WEDNESDAY,0,25,CAR,P1,,
14-10-2026,09:00,WEDNESDAY,3,30,CAR,P2,,
14-10-2026,09:00,WEDNESDAY,5,35,BIKE,P3,,
14-10-2026,10:00,WEDNESDAY,5,25,CAR,P1,,
14-10-2026,10:00,WEDNESDAY,8,30,CAR,P2,,
14-10-2026,10:00,WEDNESDAY,10,35,BIKE,P3,,
14-10-2026,11:00,WEDNESDAY,15,25,CAR,P1,,
14-10-2026,11:00,WEDNESDAY,20,30,CAR,P2,,
14-10-2026,11:00,WEDNESDAY,20,35,BIKE,P3,,
14-10-2026,12:00,WEDNESDAY,20,25,CAR,P1,,
14-10-2026,12:00,WEDNESDAY,25,30,CAR,P2,,
14-10-2026,12:00,WEDNESDAY,30,35,BIKE,P3,,
14-10-2026,13:00,WEDNESDAY,20,25,CAR,P1,,
14-10-2026,13:00,WEDNESDAY,25,30,CAR,P2,,
14-10-2026,13:00,WEDNESDAY,30,35,BIKE,P3,,
14-10-2026,14:00,WEDNESDAY,20,25,CAR,P1,,
14-10-2026,14:00,WEDNESDAY,25,30,CAR,P2,,
14-10-2026,14:00,WEDNESDAY,30,35,BIKE,P3,,
14-10-2026,15:00,WEDNESDAY,20,25,CAR,P1,,
14-10-2026,15:00,WEDNESDAY,25,30,CAR,P2,,
14-10-2026,15:00,WEDNESDAY,30,35,BIKE,P3,,
14-10-2026,16:00,WEDNESDAY,20,25,CAR,P1,,
14-10-2026,16:00,WEDNESDAY,25,30,CAR,P2,,
14-10-2026,16:00,WEDNESDAY,30,35,BIKE,P3,,
14-10-2026,17:00,WEDNESDAY,17,25,CAR,P1,,
14-10-2026,17:00,WEDNESDAY,22,30,CAR,P2,,
14-10-2026,17:00,WEDNESDAY,32,35,BIKE,P3,,
14-10-2026,18:00,WEDNESDAY,18,25,CAR,P1,,
14-10-2026,18:00,WEDNESDAY,15,30,CAR,P2,,
14-10-2026,18:00,WEDNESDAY,18,35,BIKE,P3,,
14-10-2026,19:00,WEDNESDAY,11,25,CAR,P1,,
14-10-2026,19:00,WEDNESDAY,9,30,CAR,P2,,
14-10-2026,19:00,WEDNESDAY,6,35,BIKE,P3,,
15-10-2026,09:00,THURSDAY,0,25,CAR,P1,,
15-10-2026,09:00,THURSDAY,3,30,CAR,P2,,
15-10-2026,09:00,THURSDAY,5,35,BIKE,P3,,
15-10-2026,10:00,THURSDAY,5,25,CAR,P1,,
15-10-2026,10:00,THURSDAY,8,30,CAR,P2,,
15-10-2026,10:00,THURSDAY,10,35,BIKE,P3,,
15-10-2026,11:00,THURSDAY,15,25,CAR,P1,,
15-10-2026,11:00,THURSDAY,20,30,CAR,P2,,
15-10-2026,11:00,THURSDAY,20,35,BIKE,P3,,
15-10-2026,12:00,THURSDAY,20,25,CAR,P1,,
15-10-2026,12:00,THURSDAY,25,30,CAR,P2,,
15-10-2026,12:00,THURSDAY,30,35,BIKE,P3,,
15-10-2026,13:00,THURSDAY,20,25,CAR,P1,,
15-10-2026,13:00,THURSDAY,25,30,CAR,P2,,
15-10-2026,13:00,THURSDAY,30,35,BIKE,P3,,
15-10-2026,14:00,THURSDAY,20,25,CAR,P1,,
15-10-2026,14:00,THURSDAY,25,30,CAR,P2,,
15-10-2026,14:00,THURSDAY,30,35,BIKE,P3,,
15-10-2026,15:00,THURSDAY,20,25,CAR,P1,,
15-10-2026,15:00,THURSDAY,25,30,CAR,P2,,
15-10-2026,15:00,THURSDAY,30,35,BIKE,P3,,
15-10-2026,16:00,THURSDAY,20,25,CAR,P1,,
15-10-2026,16:00,THURSDAY,25,30,CAR,P2,,
15-10-2026,16:00,THURSDAY,30,35,BIKE,P3,,
15-10-2026,17:00,THURSDAY,17,25,CAR,P1,,
15-10-2026,17:00,THURSDAY,22,30,CAR,P2,,
15-10-2026,17:00,THURSDAY,32,35,BIKE,P3,,
15-10-2026,18:00,THURSDAY,18,25,CAR,P1,,
15-10-2026,18:00,THURSDAY,15,30,CAR,P2,,
15-10-2026,18:00,THURSDAY,18,35,BIKE,P3,,
15-10-2026,19:00,THURSDAY,11,25,CAR,P1,,
15-10-2026,19:00,THURSDAY,9,30,CAR,P2,,
15-10-2026,19:00,THURSDAY,6,35,BIKE,P3,,